<?xml version="1.0" encoding="UTF-8"?>
<project-private xmlns="http://www.netbeans.org/ns/project-private/1">
    <editor-bookmarks xmlns="http://www.netbeans.org/ns/editor-bookmarks/2" lastBookmarkId="0"/>
    <open-files xmlns="http://www.netbeans.org/ns/projectui-open-files/2">
        <group>
            <file>file:/C:/Users/KHOTSO%20SEKANTSI/Documents/NetBeansProjects/LIBRARYSYSTEM/src/Statistics.java</file>
            <file>file:/C:/Users/KHOTSO%20SEKANTSI/Documents/NetBeansProjects/LIBRARYSYSTEM/src/NewBook.java</file>
            <file>file:/C:/Users/KHOTSO%20SEKANTSI/Documents/NetBeansProjects/LIBRARYSYSTEM/src/LOGIN.java</file>
            <file>file:/C:/Users/KHOTSO%20SEKANTSI/Documents/NetBeansProjects/LIBRARYSYSTEM/src/Home.java</file>
            <file>file:/C:/Users/KHOTSO%20SEKANTSI/Documents/NetBeansProjects/LIBRARYSYSTEM/src/issuebook.java</file>
            <file>file:/C:/Users/KHOTSO%20SEKANTSI/Documents/NetBeansProjects/LIBRARYSYSTEM/src/returnbook.java</file>
            <file>file:/C:/Users/KHOTSO%20SEKANTSI/Documents/NetBeansProjects/LIBRARYSYSTEM/src/ALLFUNCTIONS.java</file>
            <file>file:/C:/Users/KHOTSO%20SEKANTSI/Documents/NetBeansProjects/LIBRARYSYSTEM/src/Employee.java</file>
        </group>
    </open-files>
</project-private>
